id,sequence,strength,strong
J23100,TTGACGGCTAGCTCAGTCCTAGGTACAGTGCTAGC,10.0,1
J23101,TTTACAGCTAGCTCAGTCCTAGGTATTATGCTAGC,8.1,1
J23102,TTGACAGCTAGCTCAGTCCTAGGTACTGTGCTAGC,8.6,1
J23103,CTGATAGCTAGCTCAGTCCTAGGGATTATGCTAGC,0.3,0
J23104,TTGACAGCTAGCTCAGTCCTAGGTATTGTGCTAGC,7.2,1
J23105,TTTACGGCTAGCTCAGTCCTAGGTACTATGCTAGC,2.4,0
J23106,TTTACGGCTAGCTCAGTCCTAGGTATAGTGCTAGC,4.7,0
J23107,TTTACGGCTAGCTCAGCCCTAGGTATTATGCTAGC,1.9,0
J23108,CTGACAGCTAGCTCAGTCCTAGGTATAATGCTAGC,5.1,1
J23109,TTTACAGCTAGCTCAGTCCTAGGGACTGTGCTAGC,0.4,0
J23110,TTTACGGCTAGCTCAGTCCTAGGTACAATGCTAGC,3.3,0
J23111,TTGACGGCTAGCTCAGTCCTAGGTATAGTGCTAGC,6.8,1
J23112,CTGATAGCTAGCTCAGTCCTAGGGATTATGCTAGC,0.1,0
J23113,CTGATGGCTAGCTCAGTCCTAGGGATTATGCTAGC,0.2,0
J23114,TTTATGGCTAGCTCAGTCCTAGGTACAATGCTAGC,2.1,0
J23115,TTTATAGCTAGCTCAGCCCTTGGTACAATGCTAGC,1.5,0
