id,sequence,activity
prot01,MKTAYIAKQRQISFVKSHFSRQLEERLGLIEVQ,4.2
prot02,MENFQKVEKIGEGTYGVVYKARNKLTGEVVALK,7.8
prot03,MSKGEELFTGVVPILVELDGDVNGHKFSVSGEG,3.1
prot04,MKWVTFISLLFLFSSAYSRGVFRRDAHKSEVAH,6.5
prot05,MVLSPADKTNVKAAWGKVGAHAGEYGAEALERM,5.0
prot06,MGSSHHHHHHSSGLVPRGSHMRGPNPTAASLEA,2.7
prot07,MAHHHHHHVGTGSNDDDDKSPDPNTTFEMEDLA,8.3
prot08,MTEYKLVVVGAGGVGKSALTIQLIQNHFVDEYD,5.9
prot09,MGSDKIHHHHHHENLYFQGSGEFRKDAHKSEVA,4.6
prot10,MASNFTQFVLVDNGGTGDVTVAPSNFANGVAEW,6.1
prot11,MKTAYIAKQRQISFVKSHFSEQLEERLGLIEVR,3.8
prot12,MENFQKVEKIGEGTYGVVYKARNRLTGEVVAMK,7.2
prot13,MSKGEELFTGVVPILVELDGDVNGHKFSVRGEG,2.9
prot14,MKWVTFISLLFLFSSAYSRGVYRRDAHKSEVAH,6.8
prot15,MVLSPADKTNVKAAWGKVGAHAAEYGAEALERM,5.4
prot16,MTEYKLVVVGAGGVGKSALTIQLIQNHFVEEYD,5.7
